time,ia,ib,ic,speed,torque,vab
0,0,0,0,0,0,0
0,0.0005,0.0005,0.0005,0.0005,0.0005,0.0005
0,0.001,0.001,0.001,0.001,0.001,0.001
0,0.0015,0.0015,0.0015,0.0015,0.0015,0.0015
0,0.002,0.002,0.002,0.002,0.002,0.002
0,0.0025,0.0025,0.0025,0.0025,0.0025,0.0025
0,0.003,0.003,0.003,0.003,0.003,0.003
0,0.0035,0.0035,0.0035,0.0035,0.0035,0.0035
0,0.004,0.004,0.004,0.004,0.004,0.004
0,0.0045,0.0045,0.0045,0.0045,0.0045,0.0045
0,0.005,0.005,0.005,0.005,0.005,0.005
0,0.0055,0.0055,0.0055,0.0055,0.0055,0.0055
0,0.006,0.006,0.006,0.006,0.006,0.006
0,0.0065,0.0065,0.0065,0.0065,0.0065,0.0065
0,0.007,0.007,0.007,0.007,0.007,0.007
0,0.0075,0.0075,0.0075,0.0075,0.0075,0.0075
0,0.008,0.008,0.008,0.008,0.008,0.008
0,0.0085,0.0085,0.0085,0.0085,0.0085,0.0085
0,0.009,0.009,0.009,0.009,0.009,0.009
0,0.0095,0.0095,0.0095,0.0095,0.0095,0.0095
0,0.01,0.01,0.01,0.01,0.01,0.01
0,0.0105,0.0105,0.0105,0.0105,0.0105,0.0105
0,0.011,0.011,0.011,0.011,0.011,0.011
0,0.0115,0.0115,0.0115,0.0115,0.0115,0.0115
0,0.012,0.012,0.012,0.012,0.012,0.012
0,0.0125,0.0125,0.0125,0.0125,0.0125,0.0125
0,0.013,0.013,0.013,0.013,0.013,0.013
0,0.0135,0.0135,0.0135,0.0135,0.0135,0.0135
0,0.014,0.014,0.014,0.014,0.014,0.014
0,0.0145,0.0145,0.0145,0.0145,0.0145,0.0145
0,0.015,0.015,0.015,0.015,0.015,0.015
0,0.0155,0.0155,0.0155,0.0155,0.0155,0.0155
0,0.016,0.016,0.016,0.016,0.016,0.016
0,0.0165,0.0165,0.0165,0.0165,0.0165,0.0165
0,0.017,0.017,0.017,0.017,0.017,0.017
0,0.0175,0.0175,0.0175,0.0175,0.0175,0.0175
0,0.018,0.018,0.018,0.018,0.018,0.018
0,0.0185,0.0185,0.0185,0.0185,0.0185,0.0185
0,0.019,0.019,0.019,0.019,0.019,0.019
0,0.0195,0.0195,0.0195,0.0195,0.0195,0.0195
31.716,0.02,0.02,0.02,0.02,0.02,0.02
32.038,0.0205,0.0205,0.0205,0.0205,0.0205,0.0205
32.006,0.021,0.021,0.021,0.021,0.021,0.021
31.624,0.0215,0.0215,0.0215,0.0215,0.0215,0.0215
30.925,0.022,0.022,0.022,0.022,0.022,0.022
29.966,0.0225,0.0225,0.0225,0.0225,0.0225,0.0225
28.822,0.023,0.023,0.023,0.023,0.023,0.023
27.583,0.0235,0.0235,0.0235,0.0235,0.0235,0.0235
26.349,0.024,0.024,0.024,0.024,0.024,0.024
25.231,0.0245,0.0245,0.0245,0.0245,0.0245,0.0245
24.333,0.025,0.025,0.025,0.025,0.025,0.025
23.744,0.0255,0.0255,0.0255,0.0255,0.0255,0.0255
23.517,0.026,0.026,0.026,0.026,0.026,0.026
23.657,0.0265,0.0265,0.0265,0.0265,0.0265,0.0265
24.119,0.027,0.027,0.027,0.027,0.027,0.027
24.82,0.0275,0.0275,0.0275,0.0275,0.0275,0.0275
25.659,0.028,0.028,0.028,0.028,0.028,0.028
26.531,0.0285,0.0285,0.0285,0.0285,0.0285,0.0285
27.344,0.029,0.029,0.029,0.029,0.029,0.029
28.024,0.0295,0.0295,0.0295,0.0295,0.0295,0.0295
28.52,0.03,0.03,0.03,0.03,0.03,0.03
28.804,0.0305,0.0305,0.0305,0.0305,0.0305,0.0305
28.873,0.031,0.031,0.031,0.031,0.031,0.031
28.745,0.0315,0.0315,0.0315,0.0315,0.0315,0.0315
28.457,0.032,0.032,0.032,0.032,0.032,0.032
28.064,0.0325,0.0325,0.0325,0.0325,0.0325,0.0325
27.631,0.033,0.033,0.033,0.033,0.033,0.033
27.226,0.0335,0.0335,0.0335,0.0335,0.0335,0.0335
26.912,0.034,0.034,0.034,0.034,0.034,0.034
26.736,0.0345,0.0345,0.0345,0.0345,0.0345,0.0345
26.723,0.035,0.035,0.035,0.035,0.035,0.035
26.871,0.0355,0.0355,0.0355,0.0355,0.0355,0.0355
27.156,0.036,0.036,0.036,0.036,0.036,0.036
27.539,0.0365,0.0365,0.0365,0.0365,0.0365,0.0365
27.972,0.037,0.037,0.037,0.037,0.037,0.037
28.41,0.0375,0.0375,0.0375,0.0375,0.0375,0.0375
28.82,0.038,0.038,0.038,0.038,0.038,0.038
29.181,0.0385,0.0385,0.0385,0.0385,0.0385,0.0385
29.484,0.039,0.039,0.039,0.039,0.039,0.039
29.739,0.0395,0.0395,0.0395,0.0395,0.0395,0.0395
29.961,0.04,0.04,0.04,0.04,0.04,0.04
30.174,0.0405,0.0405,0.0405,0.0405,0.0405,0.0405
30.398,0.041,0.041,0.041,0.041,0.041,0.041
30.65,0.0415,0.0415,0.0415,0.0415,0.0415,0.0415
30.937,0.042,0.042,0.042,0.042,0.042,0.042
31.253,0.0425,0.0425,0.0425,0.0425,0.0425,0.0425
31.578,0.043,0.043,0.043,0.043,0.043,0.043
31.885,0.0435,0.0435,0.0435,0.0435,0.0435,0.0435
32.138,0.044,0.044,0.044,0.044,0.044,0.044
32.298,0.0445,0.0445,0.0445,0.0445,0.0445,0.0445
32.33,0.045,0.045,0.045,0.045,0.045,0.045
32.201,0.0455,0.0455,0.0455,0.0455,0.0455,0.0455
31.888,0.046,0.046,0.046,0.046,0.046,0.046
31.375,0.0465,0.0465,0.0465,0.0465,0.0465,0.0465
30.658,0.047,0.047,0.047,0.047,0.047,0.047
29.744,0.0475,0.0475,0.0475,0.0475,0.0475,0.0475
28.647,0.048,0.048,0.048,0.048,0.048,0.048
27.393,0.0485,0.0485,0.0485,0.0485,0.0485,0.0485
26.014,0.049,0.049,0.049,0.049,0.049,0.049
24.552,0.0495,0.0495,0.0495,0.0495,0.0495,0.0495
23.051,0.05,0.05,0.05,0.05,0.05,0.05
21.56,0.0505,0.0505,0.0505,0.0505,0.0505,0.0505
20.129,0.051,0.051,0.051,0.051,0.051,0.051
18.804,0.0515,0.0515,0.0515,0.0515,0.0515,0.0515
17.629,0.052,0.052,0.052,0.052,0.052,0.052
16.634,0.0525,0.0525,0.0525,0.0525,0.0525,0.0525
15.838,0.053,0.053,0.053,0.053,0.053,0.053
15.242,0.0535,0.0535,0.0535,0.0535,0.0535,0.0535
14.83,0.054,0.054,0.054,0.054,0.054,0.054
14.572,0.0545,0.0545,0.0545,0.0545,0.0545,0.0545
14.433,0.055,0.055,0.055,0.055,0.055,0.055
14.373,0.0555,0.0555,0.0555,0.0555,0.0555,0.0555
14.359,0.056,0.056,0.056,0.056,0.056,0.056
14.361,0.0565,0.0565,0.0565,0.0565,0.0565,0.0565
14.358,0.057,0.057,0.057,0.057,0.057,0.057
14.336,0.0575,0.0575,0.0575,0.0575,0.0575,0.0575
14.284,0.058,0.058,0.058,0.058,0.058,0.058
14.197,0.0585,0.0585,0.0585,0.0585,0.0585,0.0585
14.07,0.059,0.059,0.059,0.059,0.059,0.059
13.9,0.0595,0.0595,0.0595,0.0595,0.0595,0.0595
13.684,0.06,0.06,0.06,0.06,0.06,0.06
13.422,0.0605,0.0605,0.0605,0.0605,0.0605,0.0605
13.113,0.061,0.061,0.061,0.061,0.061,0.061
12.761,0.0615,0.0615,0.0615,0.0615,0.0615,0.0615
12.372,0.062,0.062,0.062,0.062,0.062,0.062
11.959,0.0625,0.0625,0.0625,0.0625,0.0625,0.0625
11.541,0.063,0.063,0.063,0.063,0.063,0.063
11.14,0.0635,0.0635,0.0635,0.0635,0.0635,0.0635
10.787,0.064,0.064,0.064,0.064,0.064,0.064
10.512,0.0645,0.0645,0.0645,0.0645,0.0645,0.0645
10.343,0.065,0.065,0.065,0.065,0.065,0.065
10.3,0.0655,0.0655,0.0655,0.0655,0.0655,0.0655
10.39,0.066,0.066,0.066,0.066,0.066,0.066
10.606,0.0665,0.0665,0.0665,0.0665,0.0665,0.0665
10.925,0.067,0.067,0.067,0.067,0.067,0.067
11.317,0.0675,0.0675,0.0675,0.0675,0.0675,0.0675
11.748,0.068,0.068,0.068,0.068,0.068,0.068
12.187,0.0685,0.0685,0.0685,0.0685,0.0685,0.0685
12.607,0.069,0.069,0.069,0.069,0.069,0.069
12.987,0.0695,0.0695,0.0695,0.0695,0.0695,0.0695
13.315,0.07,0.07,0.07,0.07,0.07,0.07
13.582,0.0705,0.0705,0.0705,0.0705,0.0705,0.0705
13.79,0.071,0.071,0.071,0.071,0.071,0.071
13.942,0.0715,0.0715,0.0715,0.0715,0.0715,0.0715
14.046,0.072,0.072,0.072,0.072,0.072,0.072
14.113,0.0725,0.0725,0.0725,0.0725,0.0725,0.0725
14.152,0.073,0.073,0.073,0.073,0.073,0.073
14.173,0.0735,0.0735,0.0735,0.0735,0.0735,0.0735
14.184,0.074,0.074,0.074,0.074,0.074,0.074
14.188,0.0745,0.0745,0.0745,0.0745,0.0745,0.0745
14.187,0.075,0.075,0.075,0.075,0.075,0.075
14.181,0.0755,0.0755,0.0755,0.0755,0.0755,0.0755
14.166,0.076,0.076,0.076,0.076,0.076,0.076
14.14,0.0765,0.0765,0.0765,0.0765,0.0765,0.0765
14.098,0.077,0.077,0.077,0.077,0.077,0.077
14.041,0.0775,0.0775,0.0775,0.0775,0.0775,0.0775
13.967,0.078,0.078,0.078,0.078,0.078,0.078
13.881,0.0785,0.0785,0.0785,0.0785,0.0785,0.0785
13.788,0.079,0.079,0.079,0.079,0.079,0.079
13.693,0.0795,0.0795,0.0795,0.0795,0.0795,0.0795
13.606,0.08,0.08,0.08,0.08,0.08,0.08
13.533,0.0805,0.0805,0.0805,0.0805,0.0805,0.0805
13.48,0.081,0.081,0.081,0.081,0.081,0.081
13.451,0.0815,0.0815,0.0815,0.0815,0.0815,0.0815
13.447,0.082,0.082,0.082,0.082,0.082,0.082
13.463,0.0825,0.0825,0.0825,0.0825,0.0825,0.0825
13.496,0.083,0.083,0.083,0.083,0.083,0.083
13.535,0.0835,0.0835,0.0835,0.0835,0.0835,0.0835
13.573,0.084,0.084,0.084,0.084,0.084,0.084
13.6,0.0845,0.0845,0.0845,0.0845,0.0845,0.0845
13.607,0.085,0.085,0.085,0.085,0.085,0.085
13.589,0.0855,0.0855,0.0855,0.0855,0.0855,0.0855
13.539,0.086,0.086,0.086,0.086,0.086,0.086
13.458,0.0865,0.0865,0.0865,0.0865,0.0865,0.0865
13.347,0.087,0.087,0.087,0.087,0.087,0.087
13.209,0.0875,0.0875,0.0875,0.0875,0.0875,0.0875
13.049,0.088,0.088,0.088,0.088,0.088,0.088
12.876,0.0885,0.0885,0.0885,0.0885,0.0885,0.0885
12.698,0.089,0.089,0.089,0.089,0.089,0.089
12.523,0.0895,0.0895,0.0895,0.0895,0.0895,0.0895
12.357,0.09,0.09,0.09,0.09,0.09,0.09
12.206,0.0905,0.0905,0.0905,0.0905,0.0905,0.0905
12.075,0.091,0.091,0.091,0.091,0.091,0.091
11.965,0.0915,0.0915,0.0915,0.0915,0.0915,0.0915
11.877,0.092,0.092,0.092,0.092,0.092,0.092
11.807,0.0925,0.0925,0.0925,0.0925,0.0925,0.0925
11.755,0.093,0.093,0.093,0.093,0.093,0.093
11.718,0.0935,0.0935,0.0935,0.0935,0.0935,0.0935
11.693,0.094,0.094,0.094,0.094,0.094,0.094
11.677,0.0945,0.0945,0.0945,0.0945,0.0945,0.0945
11.671,0.095,0.095,0.095,0.095,0.095,0.095
11.673,0.0955,0.0955,0.0955,0.0955,0.0955,0.0955
11.683,0.096,0.096,0.096,0.096,0.096,0.096
11.702,0.0965,0.0965,0.0965,0.0965,0.0965,0.0965
11.73,0.097,0.097,0.097,0.097,0.097,0.097
11.765,0.0975,0.0975,0.0975,0.0975,0.0975,0.0975
11.807,0.098,0.098,0.098,0.098,0.098,0.098
11.853,0.0985,0.0985,0.0985,0.0985,0.0985,0.0985
11.9,0.099,0.099,0.099,0.099,0.099,0.099
11.945,0.0995,0.0995,0.0995,0.0995,0.0995,0.0995
11.984,0.1,0.1,0.1,0.1,0.1,0.1
12.014,0.1005,0.1005,0.1005,0.1005,0.1005,0.1005
12.032,0.101,0.101,0.101,0.101,0.101,0.101
12.039,0.1015,0.1015,0.1015,0.1015,0.1015,0.1015
12.034,0.102,0.102,0.102,0.102,0.102,0.102
12.019,0.1025,0.1025,0.1025,0.1025,0.1025,0.1025
11.997,0.103,0.103,0.103,0.103,0.103,0.103
11.973,0.1035,0.1035,0.1035,0.1035,0.1035,0.1035
11.951,0.104,0.104,0.104,0.104,0.104,0.104
11.935,0.1045,0.1045,0.1045,0.1045,0.1045,0.1045
11.929,0.105,0.105,0.105,0.105,0.105,0.105
11.937,0.1055,0.1055,0.1055,0.1055,0.1055,0.1055
11.96,0.106,0.106,0.106,0.106,0.106,0.106
11.998,0.1065,0.1065,0.1065,0.1065,0.1065,0.1065
12.049,0.107,0.107,0.107,0.107,0.107,0.107
12.111,0.1075,0.1075,0.1075,0.1075,0.1075,0.1075
12.18,0.108,0.108,0.108,0.108,0.108,0.108
12.253,0.1085,0.1085,0.1085,0.1085,0.1085,0.1085
12.326,0.109,0.109,0.109,0.109,0.109,0.109
12.394,0.1095,0.1095,0.1095,0.1095,0.1095,0.1095
12.457,0.11,0.11,0.11,0.11,0.11,0.11
12.512,0.1105,0.1105,0.1105,0.1105,0.1105,0.1105
12.559,0.111,0.111,0.111,0.111,0.111,0.111
12.597,0.1115,0.1115,0.1115,0.1115,0.1115,0.1115
12.628,0.112,0.112,0.112,0.112,0.112,0.112
12.652,0.1125,0.1125,0.1125,0.1125,0.1125,0.1125
12.67,0.113,0.113,0.113,0.113,0.113,0.113
12.684,0.1135,0.1135,0.1135,0.1135,0.1135,0.1135
12.693,0.114,0.114,0.114,0.114,0.114,0.114
12.698,0.1145,0.1145,0.1145,0.1145,0.1145,0.1145
12.699,0.115,0.115,0.115,0.115,0.115,0.115
12.696,0.1155,0.1155,0.1155,0.1155,0.1155,0.1155
12.688,0.116,0.116,0.116,0.116,0.116,0.116
12.674,0.1165,0.1165,0.1165,0.1165,0.1165,0.1165
12.655,0.117,0.117,0.117,0.117,0.117,0.117
12.632,0.1175,0.1175,0.1175,0.1175,0.1175,0.1175
12.605,0.118,0.118,0.118,0.118,0.118,0.118
12.575,0.1185,0.1185,0.1185,0.1185,0.1185,0.1185
12.544,0.119,0.119,0.119,0.119,0.119,0.119
12.515,0.1195,0.1195,0.1195,0.1195,0.1195,0.1195
12.489,0.12,0.12,0.12,0.12,0.12,0.12
12.467,0.1205,0.1205,0.1205,0.1205,0.1205,0.1205
12.451,0.121,0.121,0.121,0.121,0.121,0.121
12.441,0.1215,0.1215,0.1215,0.1215,0.1215,0.1215
12.437,0.122,0.122,0.122,0.122,0.122,0.122
12.439,0.1225,0.1225,0.1225,0.1225,0.1225,0.1225
12.445,0.123,0.123,0.123,0.123,0.123,0.123
12.452,0.1235,0.1235,0.1235,0.1235,0.1235,0.1235
12.46,0.124,0.124,0.124,0.124,0.124,0.124
12.465,0.1245,0.1245,0.1245,0.1245,0.1245,0.1245
12.467,0.125,0.125,0.125,0.125,0.125,0.125
12.464,0.1255,0.1255,0.1255,0.1255,0.1255,0.1255
12.455,0.126,0.126,0.126,0.126,0.126,0.126
12.441,0.1265,0.1265,0.1265,0.1265,0.1265,0.1265
12.421,0.127,0.127,0.127,0.127,0.127,0.127
12.397,0.1275,0.1275,0.1275,0.1275,0.1275,0.1275
12.371,0.128,0.128,0.128,0.128,0.128,0.128
12.342,0.1285,0.1285,0.1285,0.1285,0.1285,0.1285
12.313,0.129,0.129,0.129,0.129,0.129,0.129
12.286,0.1295,0.1295,0.1295,0.1295,0.1295,0.1295
12.26,0.13,0.13,0.13,0.13,0.13,0.13
12.237,0.1305,0.1305,0.1305,0.1305,0.1305,0.1305
12.217,0.131,0.131,0.131,0.131,0.131,0.131
12.199,0.1315,0.1315,0.1315,0.1315,0.1315,0.1315
12.185,0.132,0.132,0.132,0.132,0.132,0.132
12.173,0.1325,0.1325,0.1325,0.1325,0.1325,0.1325
12.163,0.133,0.133,0.133,0.133,0.133,0.133
12.155,0.1335,0.1335,0.1335,0.1335,0.1335,0.1335
12.149,0.134,0.134,0.134,0.134,0.134,0.134
12.146,0.1345,0.1345,0.1345,0.1345,0.1345,0.1345
12.145,0.135,0.135,0.135,0.135,0.135,0.135
12.146,0.1355,0.1355,0.1355,0.1355,0.1355,0.1355
12.15,0.136,0.136,0.136,0.136,0.136,0.136
12.158,0.1365,0.1365,0.1365,0.1365,0.1365,0.1365
12.168,0.137,0.137,0.137,0.137,0.137,0.137
12.181,0.1375,0.1375,0.1375,0.1375,0.1375,0.1375
12.196,0.138,0.138,0.138,0.138,0.138,0.138
12.212,0.1385,0.1385,0.1385,0.1385,0.1385,0.1385
12.228,0.139,0.139,0.139,0.139,0.139,0.139
12.244,0.1395,0.1395,0.1395,0.1395,0.1395,0.1395
12.258,0.14,0.14,0.14,0.14,0.14,0.14
12.269,0.1405,0.1405,0.1405,0.1405,0.1405,0.1405
12.278,0.141,0.141,0.141,0.141,0.141,0.141
12.284,0.1415,0.1415,0.1415,0.1415,0.1415,0.1415
12.287,0.142,0.142,0.142,0.142,0.142,0.142
12.287,0.1425,0.1425,0.1425,0.1425,0.1425,0.1425
12.286,0.143,0.143,0.143,0.143,0.143,0.143
12.283,0.1435,0.1435,0.1435,0.1435,0.1435,0.1435
12.28,0.144,0.144,0.144,0.144,0.144,0.144
12.278,0.1445,0.1445,0.1445,0.1445,0.1445,0.1445
12.277,0.145,0.145,0.145,0.145,0.145,0.145
12.278,0.1455,0.1455,0.1455,0.1455,0.1455,0.1455
12.282,0.146,0.146,0.146,0.146,0.146,0.146
12.288,0.1465,0.1465,0.1465,0.1465,0.1465,0.1465
12.295,0.147,0.147,0.147,0.147,0.147,0.147
12.305,0.1475,0.1475,0.1475,0.1475,0.1475,0.1475
12.315,0.148,0.148,0.148,0.148,0.148,0.148
12.326,0.1485,0.1485,0.1485,0.1485,0.1485,0.1485
12.336,0.149,0.149,0.149,0.149,0.149,0.149
12.347,0.1495,0.1495,0.1495,0.1495,0.1495,0.1495
12.356,0.15,0.15,0.15,0.15,0.15,0.15
12.365,0.1505,0.1505,0.1505,0.1505,0.1505,0.1505
12.373,0.151,0.151,0.151,0.151,0.151,0.151
12.379,0.1515,0.1515,0.1515,0.1515,0.1515,0.1515
12.385,0.152,0.152,0.152,0.152,0.152,0.152
12.39,0.1525,0.1525,0.1525,0.1525,0.1525,0.1525
12.395,0.153,0.153,0.153,0.153,0.153,0.153
12.398,0.1535,0.1535,0.1535,0.1535,0.1535,0.1535
12.401,0.154,0.154,0.154,0.154,0.154,0.154
12.402,0.1545,0.1545,0.1545,0.1545,0.1545,0.1545
12.403,0.155,0.155,0.155,0.155,0.155,0.155
12.402,0.1555,0.1555,0.1555,0.1555,0.1555,0.1555
12.4,0.156,0.156,0.156,0.156,0.156,0.156
12.396,0.1565,0.1565,0.1565,0.1565,0.1565,0.1565
12.39,0.157,0.157,0.157,0.157,0.157,0.157
12.384,0.1575,0.1575,0.1575,0.1575,0.1575,0.1575
12.376,0.158,0.158,0.158,0.158,0.158,0.158
12.368,0.1585,0.1585,0.1585,0.1585,0.1585,0.1585
12.359,0.159,0.159,0.159,0.159,0.159,0.159
12.351,0.1595,0.1595,0.1595,0.1595,0.1595,0.1595
12.344,0.16,0.16,0.16,0.16,0.16,0.16
12.338,0.1605,0.1605,0.1605,0.1605,0.1605,0.1605
12.333,0.161,0.161,0.161,0.161,0.161,0.161
12.329,0.1615,0.1615,0.1615,0.1615,0.1615,0.1615
12.327,0.162,0.162,0.162,0.162,0.162,0.162
12.327,0.1625,0.1625,0.1625,0.1625,0.1625,0.1625
12.327,0.163,0.163,0.163,0.163,0.163,0.163
12.328,0.1635,0.1635,0.1635,0.1635,0.1635,0.1635
12.329,0.164,0.164,0.164,0.164,0.164,0.164
12.329,0.1645,0.1645,0.1645,0.1645,0.1645,0.1645
12.33,0.165,0.165,0.165,0.165,0.165,0.165
12.329,0.1655,0.1655,0.1655,0.1655,0.1655,0.1655
12.328,0.166,0.166,0.166,0.166,0.166,0.166
12.326,0.1665,0.1665,0.1665,0.1665,0.1665,0.1665
12.323,0.167,0.167,0.167,0.167,0.167,0.167
12.32,0.1675,0.1675,0.1675,0.1675,0.1675,0.1675
12.316,0.168,0.168,0.168,0.168,0.168,0.168
12.312,0.1685,0.1685,0.1685,0.1685,0.1685,0.1685
12.308,0.169,0.169,0.169,0.169,0.169,0.169
12.305,0.1695,0.1695,0.1695,0.1695,0.1695,0.1695
12.301,0.17,0.17,0.17,0.17,0.17,0.17
12.298,0.1705,0.1705,0.1705,0.1705,0.1705,0.1705
12.295,0.171,0.171,0.171,0.171,0.171,0.171
12.293,0.1715,0.1715,0.1715,0.1715,0.1715,0.1715
12.29,0.172,0.172,0.172,0.172,0.172,0.172
12.288,0.1725,0.1725,0.1725,0.1725,0.1725,0.1725
12.286,0.173,0.173,0.173,0.173,0.173,0.173
12.284,0.1735,0.1735,0.1735,0.1735,0.1735,0.1735
12.283,0.174,0.174,0.174,0.174,0.174,0.174
12.282,0.1745,0.1745,0.1745,0.1745,0.1745,0.1745
12.282,0.175,0.175,0.175,0.175,0.175,0.175
12.282,0.1755,0.1755,0.1755,0.1755,0.1755,0.1755
12.284,0.176,0.176,0.176,0.176,0.176,0.176
12.286,0.1765,0.1765,0.1765,0.1765,0.1765,0.1765
12.288,0.177,0.177,0.177,0.177,0.177,0.177
12.292,0.1775,0.1775,0.1775,0.1775,0.1775,0.1775
12.295,0.178,0.178,0.178,0.178,0.178,0.178
12.299,0.1785,0.1785,0.1785,0.1785,0.1785,0.1785
12.303,0.179,0.179,0.179,0.179,0.179,0.179
12.307,0.1795,0.1795,0.1795,0.1795,0.1795,0.1795
12.311,0.18,0.18,0.18,0.18,0.18,0.18
12.314,0.1805,0.1805,0.1805,0.1805,0.1805,0.1805
12.317,0.181,0.181,0.181,0.181,0.181,0.181
12.318,0.1815,0.1815,0.1815,0.1815,0.1815,0.1815
12.319,0.182,0.182,0.182,0.182,0.182,0.182
12.32,0.1825,0.1825,0.1825,0.1825,0.1825,0.1825
12.32,0.183,0.183,0.183,0.183,0.183,0.183
12.32,0.1835,0.1835,0.1835,0.1835,0.1835,0.1835
12.32,0.184,0.184,0.184,0.184,0.184,0.184
12.319,0.1845,0.1845,0.1845,0.1845,0.1845,0.1845
12.319,0.185,0.185,0.185,0.185,0.185,0.185
12.32,0.1855,0.1855,0.1855,0.1855,0.1855,0.1855
12.32,0.186,0.186,0.186,0.186,0.186,0.186
12.321,0.1865,0.1865,0.1865,0.1865,0.1865,0.1865
12.322,0.187,0.187,0.187,0.187,0.187,0.187
12.323,0.1875,0.1875,0.1875,0.1875,0.1875,0.1875
12.324,0.188,0.188,0.188,0.188,0.188,0.188
12.325,0.1885,0.1885,0.1885,0.1885,0.1885,0.1885
12.326,0.189,0.189,0.189,0.189,0.189,0.189
12.327,0.1895,0.1895,0.1895,0.1895,0.1895,0.1895
12.329,0.19,0.19,0.19,0.19,0.19,0.19
12.33,0.1905,0.1905,0.1905,0.1905,0.1905,0.1905
12.331,0.191,0.191,0.191,0.191,0.191,0.191
12.332,0.1915,0.1915,0.1915,0.1915,0.1915,0.1915
12.333,0.192,0.192,0.192,0.192,0.192,0.192
12.333,0.1925,0.1925,0.1925,0.1925,0.1925,0.1925
12.334,0.193,0.193,0.193,0.193,0.193,0.193
12.335,0.1935,0.1935,0.1935,0.1935,0.1935,0.1935
12.336,0.194,0.194,0.194,0.194,0.194,0.194
12.336,0.1945,0.1945,0.1945,0.1945,0.1945,0.1945
12.336,0.195,0.195,0.195,0.195,0.195,0.195
12.336,0.1955,0.1955,0.1955,0.1955,0.1955,0.1955
12.335,0.196,0.196,0.196,0.196,0.196,0.196
12.334,0.1965,0.1965,0.1965,0.1965,0.1965,0.1965
12.333,0.197,0.197,0.197,0.197,0.197,0.197
12.332,0.1975,0.1975,0.1975,0.1975,0.1975,0.1975
12.33,0.198,0.198,0.198,0.198,0.198,0.198
12.328,0.1985,0.1985,0.1985,0.1985,0.1985,0.1985
12.326,0.199,0.199,0.199,0.199,0.199,0.199
12.324,0.1995,0.1995,0.1995,0.1995,0.1995,0.1995
12.322,0.2,0.2,0.2,0.2,0.2,0.2
12.321,0.2005,0.2005,0.2005,0.2005,0.2005,0.2005
12.32,0.201,0.201,0.201,0.201,0.201,0.201
12.319,0.2015,0.2015,0.2015,0.2015,0.2015,0.2015
12.318,0.202,0.202,0.202,0.202,0.202,0.202
12.318,0.2025,0.2025,0.2025,0.2025,0.2025,0.2025
12.318,0.203,0.203,0.203,0.203,0.203,0.203
12.318,0.2035,0.2035,0.2035,0.2035,0.2035,0.2035
12.318,0.204,0.204,0.204,0.204,0.204,0.204
12.318,0.2045,0.2045,0.2045,0.2045,0.2045,0.2045
12.318,0.205,0.205,0.205,0.205,0.205,0.205
12.318,0.2055,0.2055,0.2055,0.2055,0.2055,0.2055
12.318,0.206,0.206,0.206,0.206,0.206,0.206
12.317,0.2065,0.2065,0.2065,0.2065,0.2065,0.2065
12.317,0.207,0.207,0.207,0.207,0.207,0.207
12.317,0.2075,0.2075,0.2075,0.2075,0.2075,0.2075
12.317,0.208,0.208,0.208,0.208,0.208,0.208
12.316,0.2085,0.2085,0.2085,0.2085,0.2085,0.2085
12.316,0.209,0.209,0.209,0.209,0.209,0.209
12.316,0.2095,0.2095,0.2095,0.2095,0.2095,0.2095
12.315,0.21,0.21,0.21,0.21,0.21,0.21
12.315,0.2105,0.2105,0.2105,0.2105,0.2105,0.2105
12.315,0.211,0.211,0.211,0.211,0.211,0.211
12.314,0.2115,0.2115,0.2115,0.2115,0.2115,0.2115
12.314,0.212,0.212,0.212,0.212,0.212,0.212
12.314,0.2125,0.2125,0.2125,0.2125,0.2125,0.2125
12.313,0.213,0.213,0.213,0.213,0.213,0.213
12.313,0.2135,0.2135,0.2135,0.2135,0.2135,0.2135
12.313,0.214,0.214,0.214,0.214,0.214,0.214
12.312,0.2145,0.2145,0.2145,0.2145,0.2145,0.2145
12.312,0.215,0.215,0.215,0.215,0.215,0.215
12.313,0.2155,0.2155,0.2155,0.2155,0.2155,0.2155
12.313,0.216,0.216,0.216,0.216,0.216,0.216
12.313,0.2165,0.2165,0.2165,0.2165,0.2165,0.2165
12.314,0.217,0.217,0.217,0.217,0.217,0.217
12.315,0.2175,0.2175,0.2175,0.2175,0.2175,0.2175
12.315,0.218,0.218,0.218,0.218,0.218,0.218
12.316,0.2185,0.2185,0.2185,0.2185,0.2185,0.2185
12.317,0.219,0.219,0.219,0.219,0.219,0.219
12.318,0.2195,0.2195,0.2195,0.2195,0.2195,0.2195
12.319,0.22,0.22,0.22,0.22,0.22,0.22
12.319,0.2205,0.2205,0.2205,0.2205,0.2205,0.2205
12.32,0.221,0.221,0.221,0.221,0.221,0.221
12.32,0.2215,0.2215,0.2215,0.2215,0.2215,0.2215
12.321,0.222,0.222,0.222,0.222,0.222,0.222
12.321,0.2225,0.2225,0.2225,0.2225,0.2225,0.2225
12.321,0.223,0.223,0.223,0.223,0.223,0.223
12.321,0.2235,0.2235,0.2235,0.2235,0.2235,0.2235
12.321,0.224,0.224,0.224,0.224,0.224,0.224
12.321,0.2245,0.2245,0.2245,0.2245,0.2245,0.2245
12.321,0.225,0.225,0.225,0.225,0.225,0.225
12.321,0.2255,0.2255,0.2255,0.2255,0.2255,0.2255
12.321,0.226,0.226,0.226,0.226,0.226,0.226
12.321,0.2265,0.2265,0.2265,0.2265,0.2265,0.2265
12.321,0.227,0.227,0.227,0.227,0.227,0.227
12.321,0.2275,0.2275,0.2275,0.2275,0.2275,0.2275
12.321,0.228,0.228,0.228,0.228,0.228,0.228
12.321,0.2285,0.2285,0.2285,0.2285,0.2285,0.2285
12.321,0.229,0.229,0.229,0.229,0.229,0.229
12.321,0.2295,0.2295,0.2295,0.2295,0.2295,0.2295
12.322,0.23,0.23,0.23,0.23,0.23,0.23
12.322,0.2305,0.2305,0.2305,0.2305,0.2305,0.2305
12.322,0.231,0.231,0.231,0.231,0.231,0.231
12.322,0.2315,0.2315,0.2315,0.2315,0.2315,0.2315
12.322,0.232,0.232,0.232,0.232,0.232,0.232
12.322,0.2325,0.2325,0.2325,0.2325,0.2325,0.2325
12.322,0.233,0.233,0.233,0.233,0.233,0.233
12.322,0.2335,0.2335,0.2335,0.2335,0.2335,0.2335
12.322,0.234,0.234,0.234,0.234,0.234,0.234
12.322,0.2345,0.2345,0.2345,0.2345,0.2345,0.2345
12.322,0.235,0.235,0.235,0.235,0.235,0.235
12.322,0.2355,0.2355,0.2355,0.2355,0.2355,0.2355
12.322,0.236,0.236,0.236,0.236,0.236,0.236
12.322,0.2365,0.2365,0.2365,0.2365,0.2365,0.2365
12.322,0.237,0.237,0.237,0.237,0.237,0.237
12.322,0.2375,0.2375,0.2375,0.2375,0.2375,0.2375
12.321,0.238,0.238,0.238,0.238,0.238,0.238
12.321,0.2385,0.2385,0.2385,0.2385,0.2385,0.2385
12.32,0.239,0.239,0.239,0.239,0.239,0.239
12.32,0.2395,0.2395,0.2395,0.2395,0.2395,0.2395
12.32,0.24,0.24,0.24,0.24,0.24,0.24
12.319,0.2405,0.2405,0.2405,0.2405,0.2405,0.2405
12.319,0.241,0.241,0.241,0.241,0.241,0.241
12.319,0.2415,0.2415,0.2415,0.2415,0.2415,0.2415
12.319,0.242,0.242,0.242,0.242,0.242,0.242
12.319,0.2425,0.2425,0.2425,0.2425,0.2425,0.2425
12.319,0.243,0.243,0.243,0.243,0.243,0.243
12.319,0.2435,0.2435,0.2435,0.2435,0.2435,0.2435
12.319,0.244,0.244,0.244,0.244,0.244,0.244
12.319,0.2445,0.2445,0.2445,0.2445,0.2445,0.2445
12.319,0.245,0.245,0.245,0.245,0.245,0.245
12.319,0.2455,0.2455,0.2455,0.2455,0.2455,0.2455
12.319,0.246,0.246,0.246,0.246,0.246,0.246
12.319,0.2465,0.2465,0.2465,0.2465,0.2465,0.2465
12.319,0.247,0.247,0.247,0.247,0.247,0.247
12.319,0.2475,0.2475,0.2475,0.2475,0.2475,0.2475
12.319,0.248,0.248,0.248,0.248,0.248,0.248
12.319,0.2485,0.2485,0.2485,0.2485,0.2485,0.2485
12.319,0.249,0.249,0.249,0.249,0.249,0.249
12.319,0.2495,0.2495,0.2495,0.2495,0.2495,0.2495
12.319,0.25,0.25,0.25,0.25,0.25,0.25
12.319,0.2505,0.2505,0.2505,0.2505,0.2505,0.2505
12.319,0.251,0.251,0.251,0.251,0.251,0.251
12.319,0.2515,0.2515,0.2515,0.2515,0.2515,0.2515
12.319,0.252,0.252,0.252,0.252,0.252,0.252
12.319,0.2525,0.2525,0.2525,0.2525,0.2525,0.2525
12.319,0.253,0.253,0.253,0.253,0.253,0.253
12.318,0.2535,0.2535,0.2535,0.2535,0.2535,0.2535
12.318,0.254,0.254,0.254,0.254,0.254,0.254
12.318,0.2545,0.2545,0.2545,0.2545,0.2545,0.2545
12.318,0.255,0.255,0.255,0.255,0.255,0.255
12.318,0.2555,0.2555,0.2555,0.2555,0.2555,0.2555
12.318,0.256,0.256,0.256,0.256,0.256,0.256
12.319,0.2565,0.2565,0.2565,0.2565,0.2565,0.2565
12.319,0.257,0.257,0.257,0.257,0.257,0.257
12.319,0.2575,0.2575,0.2575,0.2575,0.2575,0.2575
12.319,0.258,0.258,0.258,0.258,0.258,0.258
12.319,0.2585,0.2585,0.2585,0.2585,0.2585,0.2585
12.319,0.259,0.259,0.259,0.259,0.259,0.259
12.319,0.2595,0.2595,0.2595,0.2595,0.2595,0.2595
12.32,0.26,0.26,0.26,0.26,0.26,0.26
12.32,0.2605,0.2605,0.2605,0.2605,0.2605,0.2605
12.32,0.261,0.261,0.261,0.261,0.261,0.261
12.32,0.2615,0.2615,0.2615,0.2615,0.2615,0.2615
12.32,0.262,0.262,0.262,0.262,0.262,0.262
12.32,0.2625,0.2625,0.2625,0.2625,0.2625,0.2625
12.32,0.263,0.263,0.263,0.263,0.263,0.263
12.32,0.2635,0.2635,0.2635,0.2635,0.2635,0.2635
12.32,0.264,0.264,0.264,0.264,0.264,0.264
12.32,0.2645,0.2645,0.2645,0.2645,0.2645,0.2645
12.32,0.265,0.265,0.265,0.265,0.265,0.265
12.32,0.2655,0.2655,0.2655,0.2655,0.2655,0.2655
12.32,0.266,0.266,0.266,0.266,0.266,0.266
12.32,0.2665,0.2665,0.2665,0.2665,0.2665,0.2665
12.32,0.267,0.267,0.267,0.267,0.267,0.267
12.32,0.2675,0.2675,0.2675,0.2675,0.2675,0.2675
12.32,0.268,0.268,0.268,0.268,0.268,0.268
12.32,0.2685,0.2685,0.2685,0.2685,0.2685,0.2685
12.32,0.269,0.269,0.269,0.269,0.269,0.269
12.32,0.2695,0.2695,0.2695,0.2695,0.2695,0.2695
12.32,0.27,0.27,0.27,0.27,0.27,0.27
12.32,0.2705,0.2705,0.2705,0.2705,0.2705,0.2705
12.32,0.271,0.271,0.271,0.271,0.271,0.271
12.32,0.2715,0.2715,0.2715,0.2715,0.2715,0.2715
12.32,0.272,0.272,0.272,0.272,0.272,0.272
12.32,0.2725,0.2725,0.2725,0.2725,0.2725,0.2725
12.32,0.273,0.273,0.273,0.273,0.273,0.273
12.32,0.2735,0.2735,0.2735,0.2735,0.2735,0.2735
12.32,0.274,0.274,0.274,0.274,0.274,0.274
12.32,0.2745,0.2745,0.2745,0.2745,0.2745,0.2745
12.32,0.275,0.275,0.275,0.275,0.275,0.275
12.32,0.2755,0.2755,0.2755,0.2755,0.2755,0.2755
12.32,0.276,0.276,0.276,0.276,0.276,0.276
12.32,0.2765,0.2765,0.2765,0.2765,0.2765,0.2765
12.32,0.277,0.277,0.277,0.277,0.277,0.277
12.32,0.2775,0.2775,0.2775,0.2775,0.2775,0.2775
12.32,0.278,0.278,0.278,0.278,0.278,0.278
12.32,0.2785,0.2785,0.2785,0.2785,0.2785,0.2785
12.32,0.279,0.279,0.279,0.279,0.279,0.279
12.32,0.2795,0.2795,0.2795,0.2795,0.2795,0.2795
12.32,0.28,0.28,0.28,0.28,0.28,0.28
12.319,0.2805,0.2805,0.2805,0.2805,0.2805,0.2805
12.319,0.281,0.281,0.281,0.281,0.281,0.281
12.319,0.2815,0.2815,0.2815,0.2815,0.2815,0.2815
12.319,0.282,0.282,0.282,0.282,0.282,0.282
12.319,0.2825,0.2825,0.2825,0.2825,0.2825,0.2825
12.319,0.283,0.283,0.283,0.283,0.283,0.283
12.319,0.2835,0.2835,0.2835,0.2835,0.2835,0.2835
12.319,0.284,0.284,0.284,0.284,0.284,0.284
12.319,0.2845,0.2845,0.2845,0.2845,0.2845,0.2845
12.319,0.285,0.285,0.285,0.285,0.285,0.285
12.319,0.2855,0.2855,0.2855,0.2855,0.2855,0.2855
12.319,0.286,0.286,0.286,0.286,0.286,0.286
12.319,0.2865,0.2865,0.2865,0.2865,0.2865,0.2865
12.319,0.287,0.287,0.287,0.287,0.287,0.287
12.319,0.2875,0.2875,0.2875,0.2875,0.2875,0.2875
12.319,0.288,0.288,0.288,0.288,0.288,0.288
12.319,0.2885,0.2885,0.2885,0.2885,0.2885,0.2885
12.319,0.289,0.289,0.289,0.289,0.289,0.289
12.319,0.2895,0.2895,0.2895,0.2895,0.2895,0.2895
12.319,0.29,0.29,0.29,0.29,0.29,0.29
12.319,0.2905,0.2905,0.2905,0.2905,0.2905,0.2905
12.319,0.291,0.291,0.291,0.291,0.291,0.291
12.319,0.2915,0.2915,0.2915,0.2915,0.2915,0.2915
12.319,0.292,0.292,0.292,0.292,0.292,0.292
12.319,0.2925,0.2925,0.2925,0.2925,0.2925,0.2925
12.319,0.293,0.293,0.293,0.293,0.293,0.293
12.319,0.2935,0.2935,0.2935,0.2935,0.2935,0.2935
12.319,0.294,0.294,0.294,0.294,0.294,0.294
12.319,0.2945,0.2945,0.2945,0.2945,0.2945,0.2945
12.319,0.295,0.295,0.295,0.295,0.295,0.295
12.319,0.2955,0.2955,0.2955,0.2955,0.2955,0.2955
12.319,0.296,0.296,0.296,0.296,0.296,0.296
12.319,0.2965,0.2965,0.2965,0.2965,0.2965,0.2965
12.319,0.297,0.297,0.297,0.297,0.297,0.297
12.319,0.2975,0.2975,0.2975,0.2975,0.2975,0.2975
12.32,0.298,0.298,0.298,0.298,0.298,0.298
12.32,0.2985,0.2985,0.2985,0.2985,0.2985,0.2985
12.32,0.299,0.299,0.299,0.299,0.299,0.299
12.32,0.2995,0.2995,0.2995,0.2995,0.2995,0.2995
12.32,0.3,0.3,0.3,0.3,0.3,0.3
12.32,0.3005,0.3005,0.3005,0.3005,0.3005,0.3005
12.32,0.301,0.301,0.301,0.301,0.301,0.301
12.32,0.3015,0.3015,0.3015,0.3015,0.3015,0.3015
12.32,0.302,0.302,0.302,0.302,0.302,0.302
12.32,0.3025,0.3025,0.3025,0.3025,0.3025,0.3025
12.32,0.303,0.303,0.303,0.303,0.303,0.303
12.32,0.3035,0.3035,0.3035,0.3035,0.3035,0.3035
12.32,0.304,0.304,0.304,0.304,0.304,0.304
12.32,0.3045,0.3045,0.3045,0.3045,0.3045,0.3045
12.32,0.305,0.305,0.305,0.305,0.305,0.305
12.32,0.3055,0.3055,0.3055,0.3055,0.3055,0.3055
12.32,0.306,0.306,0.306,0.306,0.306,0.306
12.32,0.3065,0.3065,0.3065,0.3065,0.3065,0.3065
12.32,0.307,0.307,0.307,0.307,0.307,0.307
12.32,0.3075,0.3075,0.3075,0.3075,0.3075,0.3075
12.32,0.308,0.308,0.308,0.308,0.308,0.308
12.32,0.3085,0.3085,0.3085,0.3085,0.3085,0.3085
12.32,0.309,0.309,0.309,0.309,0.309,0.309
12.32,0.3095,0.3095,0.3095,0.3095,0.3095,0.3095
12.32,0.31,0.31,0.31,0.31,0.31,0.31
12.32,0.3105,0.3105,0.3105,0.3105,0.3105,0.3105
12.32,0.311,0.311,0.311,0.311,0.311,0.311
12.32,0.3115,0.3115,0.3115,0.3115,0.3115,0.3115
12.32,0.312,0.312,0.312,0.312,0.312,0.312
12.32,0.3125,0.3125,0.3125,0.3125,0.3125,0.3125
12.32,0.313,0.313,0.313,0.313,0.313,0.313
12.32,0.3135,0.3135,0.3135,0.3135,0.3135,0.3135
12.32,0.314,0.314,0.314,0.314,0.314,0.314
12.32,0.3145,0.3145,0.3145,0.3145,0.3145,0.3145
12.32,0.315,0.315,0.315,0.315,0.315,0.315
12.32,0.3155,0.3155,0.3155,0.3155,0.3155,0.3155
12.32,0.316,0.316,0.316,0.316,0.316,0.316
12.32,0.3165,0.3165,0.3165,0.3165,0.3165,0.3165
12.32,0.317,0.317,0.317,0.317,0.317,0.317
12.32,0.3175,0.3175,0.3175,0.3175,0.3175,0.3175
12.32,0.318,0.318,0.318,0.318,0.318,0.318
12.32,0.3185,0.3185,0.3185,0.3185,0.3185,0.3185
12.32,0.319,0.319,0.319,0.319,0.319,0.319
12.32,0.3195,0.3195,0.3195,0.3195,0.3195,0.3195
12.32,0.32,0.32,0.32,0.32,0.32,0.32
12.32,0.3205,0.3205,0.3205,0.3205,0.3205,0.3205
12.32,0.321,0.321,0.321,0.321,0.321,0.321
12.32,0.3215,0.3215,0.3215,0.3215,0.3215,0.3215
12.32,0.322,0.322,0.322,0.322,0.322,0.322
12.32,0.3225,0.3225,0.3225,0.3225,0.3225,0.3225
12.32,0.323,0.323,0.323,0.323,0.323,0.323
12.32,0.3235,0.3235,0.3235,0.3235,0.3235,0.3235
12.32,0.324,0.324,0.324,0.324,0.324,0.324
12.32,0.3245,0.3245,0.3245,0.3245,0.3245,0.3245
12.32,0.325,0.325,0.325,0.325,0.325,0.325
12.32,0.3255,0.3255,0.3255,0.3255,0.3255,0.3255
12.32,0.326,0.326,0.326,0.326,0.326,0.326
12.32,0.3265,0.3265,0.3265,0.3265,0.3265,0.3265
12.32,0.327,0.327,0.327,0.327,0.327,0.327
12.32,0.3275,0.3275,0.3275,0.3275,0.3275,0.3275
12.32,0.328,0.328,0.328,0.328,0.328,0.328
12.32,0.3285,0.3285,0.3285,0.3285,0.3285,0.3285
12.32,0.329,0.329,0.329,0.329,0.329,0.329
12.32,0.3295,0.3295,0.3295,0.3295,0.3295,0.3295
12.32,0.33,0.33,0.33,0.33,0.33,0.33
12.32,0.3305,0.3305,0.3305,0.3305,0.3305,0.3305
12.32,0.331,0.331,0.331,0.331,0.331,0.331
12.32,0.3315,0.3315,0.3315,0.3315,0.3315,0.3315
12.32,0.332,0.332,0.332,0.332,0.332,0.332
12.32,0.3325,0.3325,0.3325,0.3325,0.3325,0.3325
12.32,0.333,0.333,0.333,0.333,0.333,0.333
12.32,0.3335,0.3335,0.3335,0.3335,0.3335,0.3335
12.32,0.334,0.334,0.334,0.334,0.334,0.334
12.32,0.3345,0.3345,0.3345,0.3345,0.3345,0.3345
12.32,0.335,0.335,0.335,0.335,0.335,0.335
12.32,0.3355,0.3355,0.3355,0.3355,0.3355,0.3355
12.32,0.336,0.336,0.336,0.336,0.336,0.336
12.32,0.3365,0.3365,0.3365,0.3365,0.3365,0.3365
12.32,0.337,0.337,0.337,0.337,0.337,0.337
12.32,0.3375,0.3375,0.3375,0.3375,0.3375,0.3375
12.32,0.338,0.338,0.338,0.338,0.338,0.338
12.32,0.3385,0.3385,0.3385,0.3385,0.3385,0.3385
12.32,0.339,0.339,0.339,0.339,0.339,0.339
12.32,0.3395,0.3395,0.3395,0.3395,0.3395,0.3395
12.32,0.34,0.34,0.34,0.34,0.34,0.34
12.32,0.3405,0.3405,0.3405,0.3405,0.3405,0.3405
12.32,0.341,0.341,0.341,0.341,0.341,0.341
12.32,0.3415,0.3415,0.3415,0.3415,0.3415,0.3415
12.32,0.342,0.342,0.342,0.342,0.342,0.342
12.32,0.3425,0.3425,0.3425,0.3425,0.3425,0.3425
12.32,0.343,0.343,0.343,0.343,0.343,0.343
12.32,0.3435,0.3435,0.3435,0.3435,0.3435,0.3435
12.32,0.344,0.344,0.344,0.344,0.344,0.344
12.32,0.3445,0.3445,0.3445,0.3445,0.3445,0.3445
12.32,0.345,0.345,0.345,0.345,0.345,0.345
12.32,0.3455,0.3455,0.3455,0.3455,0.3455,0.3455
12.32,0.346,0.346,0.346,0.346,0.346,0.346
12.32,0.3465,0.3465,0.3465,0.3465,0.3465,0.3465
12.32,0.347,0.347,0.347,0.347,0.347,0.347
12.32,0.3475,0.3475,0.3475,0.3475,0.3475,0.3475
12.32,0.348,0.348,0.348,0.348,0.348,0.348
12.32,0.3485,0.3485,0.3485,0.3485,0.3485,0.3485
12.32,0.349,0.349,0.349,0.349,0.349,0.349
12.32,0.3495,0.3495,0.3495,0.3495,0.3495,0.3495
12.32,0.35,0.35,0.35,0.35,0.35,0.35
12.32,0.3505,0.3505,0.3505,0.3505,0.3505,0.3505
12.32,0.351,0.351,0.351,0.351,0.351,0.351
12.32,0.3515,0.3515,0.3515,0.3515,0.3515,0.3515
12.32,0.352,0.352,0.352,0.352,0.352,0.352
12.32,0.3525,0.3525,0.3525,0.3525,0.3525,0.3525
12.32,0.353,0.353,0.353,0.353,0.353,0.353
12.32,0.3535,0.3535,0.3535,0.3535,0.3535,0.3535
12.32,0.354,0.354,0.354,0.354,0.354,0.354
12.32,0.3545,0.3545,0.3545,0.3545,0.3545,0.3545
12.32,0.355,0.355,0.355,0.355,0.355,0.355
12.32,0.3555,0.3555,0.3555,0.3555,0.3555,0.3555
12.32,0.356,0.356,0.356,0.356,0.356,0.356
12.32,0.3565,0.3565,0.3565,0.3565,0.3565,0.3565
12.32,0.357,0.357,0.357,0.357,0.357,0.357
12.32,0.3575,0.3575,0.3575,0.3575,0.3575,0.3575
12.32,0.358,0.358,0.358,0.358,0.358,0.358
12.32,0.3585,0.3585,0.3585,0.3585,0.3585,0.3585
12.32,0.359,0.359,0.359,0.359,0.359,0.359
12.32,0.3595,0.3595,0.3595,0.3595,0.3595,0.3595
12.32,0.36,0.36,0.36,0.36,0.36,0.36
12.32,0.3605,0.3605,0.3605,0.3605,0.3605,0.3605
12.32,0.361,0.361,0.361,0.361,0.361,0.361
12.32,0.3615,0.3615,0.3615,0.3615,0.3615,0.3615
12.32,0.362,0.362,0.362,0.362,0.362,0.362
12.32,0.3625,0.3625,0.3625,0.3625,0.3625,0.3625
12.32,0.363,0.363,0.363,0.363,0.363,0.363
12.32,0.3635,0.3635,0.3635,0.3635,0.3635,0.3635
12.32,0.364,0.364,0.364,0.364,0.364,0.364
12.32,0.3645,0.3645,0.3645,0.3645,0.3645,0.3645
12.32,0.365,0.365,0.365,0.365,0.365,0.365
12.32,0.3655,0.3655,0.3655,0.3655,0.3655,0.3655
12.32,0.366,0.366,0.366,0.366,0.366,0.366
12.32,0.3665,0.3665,0.3665,0.3665,0.3665,0.3665
12.32,0.367,0.367,0.367,0.367,0.367,0.367
12.32,0.3675,0.3675,0.3675,0.3675,0.3675,0.3675
12.32,0.368,0.368,0.368,0.368,0.368,0.368
12.32,0.3685,0.3685,0.3685,0.3685,0.3685,0.3685
12.32,0.369,0.369,0.369,0.369,0.369,0.369
12.32,0.3695,0.3695,0.3695,0.3695,0.3695,0.3695
12.32,0.37,0.37,0.37,0.37,0.37,0.37
12.32,0.3705,0.3705,0.3705,0.3705,0.3705,0.3705
12.32,0.371,0.371,0.371,0.371,0.371,0.371
12.32,0.3715,0.3715,0.3715,0.3715,0.3715,0.3715
12.32,0.372,0.372,0.372,0.372,0.372,0.372
12.32,0.3725,0.3725,0.3725,0.3725,0.3725,0.3725
12.32,0.373,0.373,0.373,0.373,0.373,0.373
12.32,0.3735,0.3735,0.3735,0.3735,0.3735,0.3735
12.32,0.374,0.374,0.374,0.374,0.374,0.374
12.32,0.3745,0.3745,0.3745,0.3745,0.3745,0.3745
12.32,0.375,0.375,0.375,0.375,0.375,0.375
12.32,0.3755,0.3755,0.3755,0.3755,0.3755,0.3755
12.32,0.376,0.376,0.376,0.376,0.376,0.376
12.32,0.3765,0.3765,0.3765,0.3765,0.3765,0.3765
12.32,0.377,0.377,0.377,0.377,0.377,0.377
12.32,0.3775,0.3775,0.3775,0.3775,0.3775,0.3775
12.32,0.378,0.378,0.378,0.378,0.378,0.378
12.32,0.3785,0.3785,0.3785,0.3785,0.3785,0.3785
12.32,0.379,0.379,0.379,0.379,0.379,0.379
12.32,0.3795,0.3795,0.3795,0.3795,0.3795,0.3795
12.32,0.38,0.38,0.38,0.38,0.38,0.38
12.32,0.3805,0.3805,0.3805,0.3805,0.3805,0.3805
12.32,0.381,0.381,0.381,0.381,0.381,0.381
12.32,0.3815,0.3815,0.3815,0.3815,0.3815,0.3815
12.32,0.382,0.382,0.382,0.382,0.382,0.382
12.32,0.3825,0.3825,0.3825,0.3825,0.3825,0.3825
12.32,0.383,0.383,0.383,0.383,0.383,0.383
12.32,0.3835,0.3835,0.3835,0.3835,0.3835,0.3835
12.32,0.384,0.384,0.384,0.384,0.384,0.384
12.32,0.3845,0.3845,0.3845,0.3845,0.3845,0.3845
12.32,0.385,0.385,0.385,0.385,0.385,0.385
12.32,0.3855,0.3855,0.3855,0.3855,0.3855,0.3855
12.32,0.386,0.386,0.386,0.386,0.386,0.386
12.32,0.3865,0.3865,0.3865,0.3865,0.3865,0.3865
12.32,0.387,0.387,0.387,0.387,0.387,0.387
12.32,0.3875,0.3875,0.3875,0.3875,0.3875,0.3875
12.32,0.388,0.388,0.388,0.388,0.388,0.388
12.32,0.3885,0.3885,0.3885,0.3885,0.3885,0.3885
12.32,0.389,0.389,0.389,0.389,0.389,0.389
12.32,0.3895,0.3895,0.3895,0.3895,0.3895,0.3895
12.32,0.39,0.39,0.39,0.39,0.39,0.39
12.32,0.3905,0.3905,0.3905,0.3905,0.3905,0.3905
12.32,0.391,0.391,0.391,0.391,0.391,0.391
12.32,0.3915,0.3915,0.3915,0.3915,0.3915,0.3915
12.32,0.392,0.392,0.392,0.392,0.392,0.392
12.32,0.3925,0.3925,0.3925,0.3925,0.3925,0.3925
12.32,0.393,0.393,0.393,0.393,0.393,0.393
12.32,0.3935,0.3935,0.3935,0.3935,0.3935,0.3935
12.32,0.394,0.394,0.394,0.394,0.394,0.394
12.32,0.3945,0.3945,0.3945,0.3945,0.3945,0.3945
12.32,0.395,0.395,0.395,0.395,0.395,0.395
12.32,0.3955,0.3955,0.3955,0.3955,0.3955,0.3955
12.32,0.396,0.396,0.396,0.396,0.396,0.396
12.32,0.3965,0.3965,0.3965,0.3965,0.3965,0.3965
12.32,0.397,0.397,0.397,0.397,0.397,0.397
12.32,0.3975,0.3975,0.3975,0.3975,0.3975,0.3975
12.32,0.398,0.398,0.398,0.398,0.398,0.398
12.32,0.3985,0.3985,0.3985,0.3985,0.3985,0.3985
12.32,0.399,0.399,0.399,0.399,0.399,0.399
12.32,0.3995,0.3995,0.3995,0.3995,0.3995,0.3995
12.32,0.4,0.4,0.4,0.4,0.4,0.4
12.32,0.4005,0.4005,0.4005,0.4005,0.4005,0.4005
12.32,0.401,0.401,0.401,0.401,0.401,0.401
12.32,0.4015,0.4015,0.4015,0.4015,0.4015,0.4015
12.32,0.402,0.402,0.402,0.402,0.402,0.402
12.32,0.4025,0.4025,0.4025,0.4025,0.4025,0.4025
12.32,0.403,0.403,0.403,0.403,0.403,0.403
12.32,0.4035,0.4035,0.4035,0.4035,0.4035,0.4035
12.32,0.404,0.404,0.404,0.404,0.404,0.404
12.32,0.4045,0.4045,0.4045,0.4045,0.4045,0.4045
12.32,0.405,0.405,0.405,0.405,0.405,0.405
12.32,0.4055,0.4055,0.4055,0.4055,0.4055,0.4055
12.32,0.406,0.406,0.406,0.406,0.406,0.406
12.32,0.4065,0.4065,0.4065,0.4065,0.4065,0.4065
12.32,0.407,0.407,0.407,0.407,0.407,0.407
12.32,0.4075,0.4075,0.4075,0.4075,0.4075,0.4075
12.32,0.408,0.408,0.408,0.408,0.408,0.408
12.32,0.4085,0.4085,0.4085,0.4085,0.4085,0.4085
12.32,0.409,0.409,0.409,0.409,0.409,0.409
12.32,0.4095,0.4095,0.4095,0.4095,0.4095,0.4095
12.32,0.41,0.41,0.41,0.41,0.41,0.41
12.32,0.4105,0.4105,0.4105,0.4105,0.4105,0.4105
12.32,0.411,0.411,0.411,0.411,0.411,0.411
12.32,0.4115,0.4115,0.4115,0.4115,0.4115,0.4115
12.32,0.412,0.412,0.412,0.412,0.412,0.412
12.32,0.4125,0.4125,0.4125,0.4125,0.4125,0.4125
12.32,0.413,0.413,0.413,0.413,0.413,0.413
12.32,0.4135,0.4135,0.4135,0.4135,0.4135,0.4135
12.32,0.414,0.414,0.414,0.414,0.414,0.414
12.32,0.4145,0.4145,0.4145,0.4145,0.4145,0.4145
12.32,0.415,0.415,0.415,0.415,0.415,0.415
12.32,0.4155,0.4155,0.4155,0.4155,0.4155,0.4155
12.32,0.416,0.416,0.416,0.416,0.416,0.416
12.32,0.4165,0.4165,0.4165,0.4165,0.4165,0.4165
12.32,0.417,0.417,0.417,0.417,0.417,0.417
12.32,0.4175,0.4175,0.4175,0.4175,0.4175,0.4175
12.32,0.418,0.418,0.418,0.418,0.418,0.418
12.32,0.4185,0.4185,0.4185,0.4185,0.4185,0.4185
12.32,0.419,0.419,0.419,0.419,0.419,0.419
12.32,0.4195,0.4195,0.4195,0.4195,0.4195,0.4195
12.32,0.42,0.42,0.42,0.42,0.42,0.42
12.32,0.4205,0.4205,0.4205,0.4205,0.4205,0.4205
12.32,0.421,0.421,0.421,0.421,0.421,0.421
12.32,0.4215,0.4215,0.4215,0.4215,0.4215,0.4215
12.32,0.422,0.422,0.422,0.422,0.422,0.422
12.32,0.4225,0.4225,0.4225,0.4225,0.4225,0.4225
12.32,0.423,0.423,0.423,0.423,0.423,0.423
12.32,0.4235,0.4235,0.4235,0.4235,0.4235,0.4235
12.32,0.424,0.424,0.424,0.424,0.424,0.424
12.32,0.4245,0.4245,0.4245,0.4245,0.4245,0.4245
12.32,0.425,0.425,0.425,0.425,0.425,0.425
12.32,0.4255,0.4255,0.4255,0.4255,0.4255,0.4255
12.32,0.426,0.426,0.426,0.426,0.426,0.426
12.32,0.4265,0.4265,0.4265,0.4265,0.4265,0.4265
12.32,0.427,0.427,0.427,0.427,0.427,0.427
12.32,0.4275,0.4275,0.4275,0.4275,0.4275,0.4275
12.32,0.428,0.428,0.428,0.428,0.428,0.428
12.32,0.4285,0.4285,0.4285,0.4285,0.4285,0.4285
12.32,0.429,0.429,0.429,0.429,0.429,0.429
12.32,0.4295,0.4295,0.4295,0.4295,0.4295,0.4295
12.32,0.43,0.43,0.43,0.43,0.43,0.43
12.32,0.4305,0.4305,0.4305,0.4305,0.4305,0.4305
12.32,0.431,0.431,0.431,0.431,0.431,0.431
12.32,0.4315,0.4315,0.4315,0.4315,0.4315,0.4315
12.32,0.432,0.432,0.432,0.432,0.432,0.432
12.32,0.4325,0.4325,0.4325,0.4325,0.4325,0.4325
12.32,0.433,0.433,0.433,0.433,0.433,0.433
12.32,0.4335,0.4335,0.4335,0.4335,0.4335,0.4335
12.32,0.434,0.434,0.434,0.434,0.434,0.434
12.32,0.4345,0.4345,0.4345,0.4345,0.4345,0.4345
12.32,0.435,0.435,0.435,0.435,0.435,0.435
12.32,0.4355,0.4355,0.4355,0.4355,0.4355,0.4355
12.32,0.436,0.436,0.436,0.436,0.436,0.436
12.32,0.4365,0.4365,0.4365,0.4365,0.4365,0.4365
12.32,0.437,0.437,0.437,0.437,0.437,0.437
12.32,0.4375,0.4375,0.4375,0.4375,0.4375,0.4375
12.32,0.438,0.438,0.438,0.438,0.438,0.438
12.32,0.4385,0.4385,0.4385,0.4385,0.4385,0.4385
12.32,0.439,0.439,0.439,0.439,0.439,0.439
12.32,0.4395,0.4395,0.4395,0.4395,0.4395,0.4395
12.32,0.44,0.44,0.44,0.44,0.44,0.44
12.32,0.4405,0.4405,0.4405,0.4405,0.4405,0.4405
12.32,0.441,0.441,0.441,0.441,0.441,0.441
12.32,0.4415,0.4415,0.4415,0.4415,0.4415,0.4415
12.32,0.442,0.442,0.442,0.442,0.442,0.442
12.32,0.4425,0.4425,0.4425,0.4425,0.4425,0.4425
12.319,0.443,0.443,0.443,0.443,0.443,0.443
12.319,0.4435,0.4435,0.4435,0.4435,0.4435,0.4435
12.319,0.444,0.444,0.444,0.444,0.444,0.444
12.319,0.4445,0.4445,0.4445,0.4445,0.4445,0.4445
12.319,0.445,0.445,0.445,0.445,0.445,0.445
12.319,0.4455,0.4455,0.4455,0.4455,0.4455,0.4455
12.319,0.446,0.446,0.446,0.446,0.446,0.446
12.319,0.4465,0.4465,0.4465,0.4465,0.4465,0.4465
12.319,0.447,0.447,0.447,0.447,0.447,0.447
12.319,0.4475,0.4475,0.4475,0.4475,0.4475,0.4475
12.319,0.448,0.448,0.448,0.448,0.448,0.448
12.319,0.4485,0.4485,0.4485,0.4485,0.4485,0.4485
12.319,0.449,0.449,0.449,0.449,0.449,0.449
12.319,0.4495,0.4495,0.4495,0.4495,0.4495,0.4495
12.319,0.45,0.45,0.45,0.45,0.45,0.45
12.319,0.4505,0.4505,0.4505,0.4505,0.4505,0.4505
12.319,0.451,0.451,0.451,0.451,0.451,0.451
12.319,0.4515,0.4515,0.4515,0.4515,0.4515,0.4515
12.319,0.452,0.452,0.452,0.452,0.452,0.452
12.319,0.4525,0.4525,0.4525,0.4525,0.4525,0.4525
12.319,0.453,0.453,0.453,0.453,0.453,0.453
12.319,0.4535,0.4535,0.4535,0.4535,0.4535,0.4535
12.319,0.454,0.454,0.454,0.454,0.454,0.454
12.319,0.4545,0.4545,0.4545,0.4545,0.4545,0.4545
12.319,0.455,0.455,0.455,0.455,0.455,0.455
12.319,0.4555,0.4555,0.4555,0.4555,0.4555,0.4555
12.319,0.456,0.456,0.456,0.456,0.456,0.456
12.319,0.4565,0.4565,0.4565,0.4565,0.4565,0.4565
12.319,0.457,0.457,0.457,0.457,0.457,0.457
12.319,0.4575,0.4575,0.4575,0.4575,0.4575,0.4575
12.319,0.458,0.458,0.458,0.458,0.458,0.458
12.319,0.4585,0.4585,0.4585,0.4585,0.4585,0.4585
12.319,0.459,0.459,0.459,0.459,0.459,0.459
12.319,0.4595,0.4595,0.4595,0.4595,0.4595,0.4595
12.319,0.46,0.46,0.46,0.46,0.46,0.46
12.319,0.4605,0.4605,0.4605,0.4605,0.4605,0.4605
12.319,0.461,0.461,0.461,0.461,0.461,0.461
12.319,0.4615,0.4615,0.4615,0.4615,0.4615,0.4615
12.319,0.462,0.462,0.462,0.462,0.462,0.462
12.319,0.4625,0.4625,0.4625,0.4625,0.4625,0.4625
12.319,0.463,0.463,0.463,0.463,0.463,0.463
12.319,0.4635,0.4635,0.4635,0.4635,0.4635,0.4635
12.319,0.464,0.464,0.464,0.464,0.464,0.464
12.319,0.4645,0.4645,0.4645,0.4645,0.4645,0.4645
12.319,0.465,0.465,0.465,0.465,0.465,0.465
12.319,0.4655,0.4655,0.4655,0.4655,0.4655,0.4655
12.319,0.466,0.466,0.466,0.466,0.466,0.466
12.319,0.4665,0.4665,0.4665,0.4665,0.4665,0.4665
12.319,0.467,0.467,0.467,0.467,0.467,0.467
12.319,0.4675,0.4675,0.4675,0.4675,0.4675,0.4675
12.319,0.468,0.468,0.468,0.468,0.468,0.468
12.319,0.4685,0.4685,0.4685,0.4685,0.4685,0.4685
12.319,0.469,0.469,0.469,0.469,0.469,0.469
12.319,0.4695,0.4695,0.4695,0.4695,0.4695,0.4695
12.319,0.47,0.47,0.47,0.47,0.47,0.47
12.319,0.4705,0.4705,0.4705,0.4705,0.4705,0.4705
12.319,0.471,0.471,0.471,0.471,0.471,0.471
12.319,0.4715,0.4715,0.4715,0.4715,0.4715,0.4715
12.319,0.472,0.472,0.472,0.472,0.472,0.472
12.319,0.4725,0.4725,0.4725,0.4725,0.4725,0.4725
12.319,0.473,0.473,0.473,0.473,0.473,0.473
12.319,0.4735,0.4735,0.4735,0.4735,0.4735,0.4735
12.319,0.474,0.474,0.474,0.474,0.474,0.474
12.319,0.4745,0.4745,0.4745,0.4745,0.4745,0.4745
12.319,0.475,0.475,0.475,0.475,0.475,0.475
12.319,0.4755,0.4755,0.4755,0.4755,0.4755,0.4755
12.319,0.476,0.476,0.476,0.476,0.476,0.476
12.319,0.4765,0.4765,0.4765,0.4765,0.4765,0.4765
12.319,0.477,0.477,0.477,0.477,0.477,0.477
12.319,0.4775,0.4775,0.4775,0.4775,0.4775,0.4775
12.319,0.478,0.478,0.478,0.478,0.478,0.478
12.319,0.4785,0.4785,0.4785,0.4785,0.4785,0.4785
12.319,0.479,0.479,0.479,0.479,0.479,0.479
12.319,0.4795,0.4795,0.4795,0.4795,0.4795,0.4795
12.319,0.48,0.48,0.48,0.48,0.48,0.48
12.319,0.4805,0.4805,0.4805,0.4805,0.4805,0.4805
12.319,0.481,0.481,0.481,0.481,0.481,0.481
12.319,0.4815,0.4815,0.4815,0.4815,0.4815,0.4815
12.319,0.482,0.482,0.482,0.482,0.482,0.482
12.319,0.4825,0.4825,0.4825,0.4825,0.4825,0.4825
12.319,0.483,0.483,0.483,0.483,0.483,0.483
12.319,0.4835,0.4835,0.4835,0.4835,0.4835,0.4835
12.319,0.484,0.484,0.484,0.484,0.484,0.484
12.319,0.4845,0.4845,0.4845,0.4845,0.4845,0.4845
12.319,0.485,0.485,0.485,0.485,0.485,0.485
12.319,0.4855,0.4855,0.4855,0.4855,0.4855,0.4855
12.319,0.486,0.486,0.486,0.486,0.486,0.486
12.319,0.4865,0.4865,0.4865,0.4865,0.4865,0.4865
12.319,0.487,0.487,0.487,0.487,0.487,0.487
12.319,0.4875,0.4875,0.4875,0.4875,0.4875,0.4875
12.319,0.488,0.488,0.488,0.488,0.488,0.488
12.319,0.4885,0.4885,0.4885,0.4885,0.4885,0.4885
12.319,0.489,0.489,0.489,0.489,0.489,0.489
12.319,0.4895,0.4895,0.4895,0.4895,0.4895,0.4895
12.319,0.49,0.49,0.49,0.49,0.49,0.49
12.319,0.4905,0.4905,0.4905,0.4905,0.4905,0.4905
12.319,0.491,0.491,0.491,0.491,0.491,0.491
12.319,0.4915,0.4915,0.4915,0.4915,0.4915,0.4915
12.319,0.492,0.492,0.492,0.492,0.492,0.492
12.319,0.4925,0.4925,0.4925,0.4925,0.4925,0.4925
12.319,0.493,0.493,0.493,0.493,0.493,0.493
12.319,0.4935,0.4935,0.4935,0.4935,0.4935,0.4935
12.319,0.494,0.494,0.494,0.494,0.494,0.494
12.319,0.4945,0.4945,0.4945,0.4945,0.4945,0.4945
12.319,0.495,0.495,0.495,0.495,0.495,0.495
12.319,0.4955,0.4955,0.4955,0.4955,0.4955,0.4955
12.319,0.496,0.496,0.496,0.496,0.496,0.496
12.319,0.4965,0.4965,0.4965,0.4965,0.4965,0.4965
12.319,0.497,0.497,0.497,0.497,0.497,0.497
12.319,0.4975,0.4975,0.4975,0.4975,0.4975,0.4975
12.319,0.498,0.498,0.498,0.498,0.498,0.498
12.319,0.4985,0.4985,0.4985,0.4985,0.4985,0.4985
12.319,0.499,0.499,0.499,0.499,0.499,0.499
12.319,0.4995,0.4995,0.4995,0.4995,0.4995,0.4995
12.319,0.5,0.5,0.5,0.5,0.5,0.5
